Ref,Temp,Rhum,Wdir,Wspd,Pres,Distance,Tx_power,Tx_height,Freq,Slope_Tx_Rx_50m,Roughness_Tx_Rx_50m,Rx_height,Azimut_Tx_Rx,Tilt_Tx_Rx,LOS,First_building_m,First_tree_m,Fresnel_buildings,Fresnel_trees,Buildings_near_Rx,Trees_near_Rx,Environment,E_field,Tx_antenna_height,Rx_antenna_height
cotonou_111,29.0,43.0,20.0,14.8,1011.0,6356.997144711238,21238.37353,167.0,570.0,-0.0017914729949523,3.5490269955208595,13.88658571243286,179.366018894587,1.3797483908996049,1,-1.0,-1.0,0,0,0,15,1,77.0,150.0,10
cotonou_112,32.0,36.0,40.0,13.0,1009.0,6111.417050448094,21238.37353,109.0,570.0,4.466841188551693e-06,1.3294027352375837,13.302542686462402,290.09314750765515,0.8971098338862423,0,5437.813968735378,5450.061297493791,5,9,3,8,1,61.5,100.0,10
cotonou_113,33.0,36.0,150.0,13.0,1008.0,6503.808790303928,21238.37353,109.0,570.0,-9.56671060129569e-05,1.339956390236664,13.062447786331177,287.5683936956942,0.8451075948288962,0,-1.0,5682.686638421867,0,12,0,14,1,67.6,100.0,10
cotonou_121,28.4,51.0,15.0,14.8,1011.3,5962.326097648317,21238.37353,167.0,570.0,-0.0018277615061644,3.543952499086818,14.2510666847229,177.21065186683722,1.467540536683993,1,-1.0,-1.0,0,0,0,10,1,70.6,150.0,10
cotonou_123,30.0,52.0,20.0,13.0,1011.0,6068.414754814817,21238.37353,109.0,570.0,1.0254240784871564e-05,1.3143205115340422,13.639300107955933,294.6304742144279,0.9002871730148551,0,5265.778735139911,5253.617583326654,3,14,0,1,1,68.5,100.0,10
cotonou_131,32.0,41.0,10.0,11.2,1010.0,5535.448569676001,21238.37353,167.0,570.0,-0.0021258776625634,3.563571998468293,13.076376914978027,174.85095809711402,1.5928071319995891,0,5435.610819922325,-1.0,3,0,0,15,1,70.7,150.0,10
cotonou_132,30.0,52.0,20.0,13.0,1011.0,5922.674567843846,21238.37353,167.0,570.0,-0.0018499816258748,3.4778525651018843,14.146467685699465,175.2524492486773,1.4783724029978895,1,-1.0,-1.0,0,0,2,5,1,74.3,150.0,10
cotonou_133,32.0,41.0,10.0,11.2,1010.0,5693.025466371441,21238.37353,167.0,570.0,-0.002141136676073,3.362350020573865,12.828059196472168,171.45015458962757,1.551238992157571,1,-1.0,-1.0,0,0,0,4,1,76.2,150.0,10
cotonou_141,31.3,40.0,44.0,11.1,1009.1,5184.594476088388,21238.37353,167.0,570.0,-0.0024624913987659,3.5085012474890216,12.132371187210085,171.66191939453984,1.710958085505975,1,-1.0,-1.0,0,0,1,6,1,79.4,150.0,10
cotonou_142,31.3,40.0,44.0,11.1,1009.1,5565.288449234078,21238.37353,167.0,570.0,-0.0021940751701382,3.3851429995116327,12.793106079101562,171.6186703922724,1.587185304662718,1,-1.0,-1.0,0,0,0,1,1,73.3,150.0,10
cotonou_143,31.3,40.0,44.0,11.1,1009.1,5228.484713079486,21238.37353,167.0,570.0,-0.0024118516481283,3.423643880237224,12.458997011184692,167.98560268896222,1.6930278059520625,1,-1.0,-1.0,0,0,0,15,1,81.1,150.0,10
cotonou_152,34.0,36.0,130.0,9.4,1008.0,5026.761322067294,21238.37353,167.0,570.0,-0.0024334088961283,3.524691842044404,12.43277359008789,169.33848702526814,1.7612254946144126,1,-1.0,-1.0,0,0,0,14,1,72.4,150.0,10
cotonou_153,34.0,36.0,130.0,9.4,1008.0,4826.507226699964,21238.37353,167.0,570.0,-0.0028365339662361,3.4053603782175323,11.39553427696228,163.61758133775936,1.8465510940757563,1,-1.0,-1.0,0,0,1,10,1,67.0,150.0,10
cotonou_172,34.0,36.0,130.0,9.4,1008.0,4502.6528534353365,21238.37353,167.0,570.0,-0.0026826181955504,3.4072789052312262,13.120017051696776,158.8495030825943,1.957344650469708,1,-1.0,-1.0,0,0,0,7,1,78.3,150.0,10
cotonou_1152,34.0,44.0,220.0,14.8,1010.0,5965.442650079117,21238.37353,109.0,570.0,-0.0003533526439571,1.3918652357184775,11.58084225654602,285.64135988571184,0.9355903321665016,1,-1.0,-1.0,0,0,0,1,1,62.8,100.0,10
cotonou_1242,29.3,51.0,130.0,11.2,1009.3,5354.271948128955,21238.37353,109.0,570.0,-0.0003509970220632,1.415617608881481,11.698197603225708,287.9151479277133,1.041106817501486,1,-1.0,-1.0,0,0,4,0,1,78.8,100.0,10
cotonou_1243,30.0,49.0,140.0,14.8,1008.0,5008.2899097816,21238.37353,109.0,570.0,-0.0004211800934128,1.4097720789927242,11.518850922584534,288.45881561569524,1.1150619009803566,1,-1.0,-1.0,0,0,0,0,1,78.69999999999999,100.0,10
cotonou_181,33.0,44.0,10.0,11.2,1008.0,4702.173504052611,21238.37353,167.0,570.0,-0.002449801682926,3.257175961051696,13.49488091468811,153.67345935502544,1.869789152315238,1,-1.0,-1.0,0,0,1,7,1,66.0,150.0,10
cotonou_1161,33.0,44.0,10.0,11.2,1008.0,4864.276288688689,21238.37353,167.0,570.0,-0.0022505324061323,3.1800926962308576,14.120302200317385,150.57438728881527,1.800160706089651,1,-1.0,-1.0,0,0,0,4,1,65.5,150.0,10
cotonou_1163,33.0,44.0,10.0,11.2,1008.0,5167.982642287051,21238.37353,167.0,570.0,-0.0022282736054782,3.1077579740900374,13.671361446380615,147.4817304058422,1.6994073229980675,1,-1.0,-1.0,0,0,0,8,1,80.0,150.0,10
cotonou_1402,33.0,41.0,50.0,9.4,1007.0,5010.134029711218,21238.37353,109.0,570.0,-0.0002981465869232,0.993935237904003,12.795552015304564,325.0057887765332,1.1000567030863524,0,4618.560428190702,4638.641125704575,2,11,3,8,1,64.0,100.0,10
cotonou_1382,33.0,41.0,50.0,9.4,1007.0,4277.51977431086,21238.37353,109.0,570.0,0.0002639653233021,0.976576597333102,14.842063426971436,330.3261382456307,1.2610067446032207,1,-1.0,-1.0,0,0,2,2,1,64.8,100.0,10
cotonou_1381,33.0,41.0,50.0,9.4,1007.0,4174.532210330194,21238.37353,109.0,570.0,0.0002099799511099,0.99800754269762,14.598869323730469,327.01761201742283,1.2954420778591196,1,-1.0,-1.0,0,0,7,7,1,75.6,100.0,10
cotonou_1373,31.8,56.0,180.0,11.2,1007.4,4207.054458010579,21238.37353,109.0,570.0,0.0001543177685267,1.0213575982752148,14.463256359100342,325.02093615775425,1.2872771341670324,0,-1.0,3996.280186567162,0,2,5,6,1,71.8,100.0,10
cotonou_1393,31.0,59.0,170.0,13.0,1007.0,4719.341837879194,21238.37353,109.0,570.0,-9.40677246290784e-05,1.031587964732514,13.193845987319946,320.0865596074884,1.1629872488575508,1,-1.0,-1.0,0,0,1,7,1,70.2,100.0,10
cotonou_1403,31.0,59.0,170.0,13.0,1007.0,4989.481101964698,21238.37353,109.0,570.0,-2.921670209696053e-05,0.9771289636328206,13.484379053115845,321.14487558330086,1.0967019363043278,0,-1.0,4889.491500722919,0,2,5,9,1,66.1,100.0,10
cotonou_1173,30.0,62.0,160.0,9.4,1007.0,5199.17750758549,21238.37353,109.0,570.0,-3.084941808335866e-05,1.03080864777242,13.28050684928894,318.2522796403097,1.054725187104418,0,4646.960257280818,4688.637030888718,1,11,1,14,1,58.65,100.0,10
cotonou_1162,30.0,62.0,160.0,9.4,1007.0,5131.653232177958,21238.37353,167.0,570.0,-0.0021036343333824,3.156967994670054,14.36549472808838,151.94274824258622,1.703687870295024,1,-1.0,-1.0,0,0,2,10,1,63.6,150.0,10
cotonou_183,30.0,62.0,160.0,9.4,1007.0,4918.994532101519,21238.37353,167.0,570.0,-0.00223278899149,3.21092522337628,13.950438022613524,154.0938443457601,1.782125556983627,1,-1.0,-1.0,0,0,0,4,1,72.6,150.0,10
cotonou_1351,31.0,63.0,200.0,16.6,1007.0,4142.528376106587,21238.37353,109.0,570.0,-0.0003983184395178,1.1722080208465755,11.950038433074951,316.5361622792976,1.3420635207202247,1,-1.0,-1.0,0,0,0,6,1,81.4,100.0,10
cotonou_1332,31.0,63.0,200.0,16.6,1007.0,4201.353032496167,21238.37353,109.0,570.0,-0.0004540247219054,1.154596718613866,11.761256575584412,312.35538308791985,1.3258526640938084,1,-1.0,-1.0,0,0,0,0,1,85.6,100.0,10
cotonou_1352,31.0,63.0,200.0,16.6,1007.0,4264.614873860844,21238.37353,109.0,570.0,-0.0004429704435281,1.1596831437930206,11.782398343086244,312.87095233956984,1.3059077660709264,1,-1.0,-1.0,0,0,2,6,1,81.4,100.0,10
cotonou_1343,30.0,70.0,210.0,16.6,1007.0,4519.3038109311565,21238.37353,109.0,570.0,-0.0003646885146623,1.1463414813598285,11.861634731292725,311.1925901690746,1.2313315790733117,1,-1.0,-1.0,0,0,0,1,1,86.0,100.0,10
cotonou_1362,30.0,70.0,210.0,16.6,1007.0,4577.406956623416,21238.37353,109.0,570.0,-0.0003255359880803,1.153889918497598,12.024370193481444,312.1267815920467,1.2136703803211055,1,-1.0,-1.0,0,0,0,2,1,78.2,100.0,10
cotonou_1342,30.0,70.0,210.0,16.6,1007.0,4609.156184536279,21238.37353,109.0,570.0,-0.0003342642743363,1.192578498426483,12.065630435943604,306.29168780385936,1.2048000619126065,1,-1.0,-1.0,0,0,2,7,1,69.4,100.0,10
cotonou_1323,30.0,70.0,210.0,16.6,1007.0,4344.135720394242,21238.37353,109.0,570.0,-0.0004642482399121,1.2085287354715974,11.518225193023682,305.1460842191564,1.2854932332322344,1,-1.0,-1.0,0,0,0,10,1,66.4,100.0,10
cotonou_1321,30.0,70.0,210.0,16.6,1007.0,4595.366788425727,21238.37353,109.0,570.0,-0.0003257442966084,1.242478635173943,12.08018445968628,303.5227848388515,1.2082328745280675,1,-1.0,-1.0,0,0,2,12,1,82.2,100.0,10
cotonou_1313,29.6,70.0,230.0,11.2,1008.2,4428.156558692856,21238.37353,109.0,570.0,-0.0004128953350914,1.2607184511423124,11.79409956932068,302.85739524143435,1.2575421428930342,1,-1.0,-1.0,0,0,0,0,1,80.0,100.0,10
cotonou_1322,32.0,67.0,220.0,16.6,1011.0,4382.38609334695,21238.37353,109.0,570.0,-0.0004269656449318,1.2874009906189754,11.701730608940125,300.987455757398,1.2718789130343997,1,-1.0,-1.0,0,0,3,2,1,79.6,100.0,10
cotonou_1303,31.5,72.0,230.0,14.8,1010.2,4303.298968034905,21238.37353,109.0,570.0,-0.0004879298275464,1.3696750379323543,11.536815404891968,297.28197289727126,1.2974405574556882,1,-1.0,-1.0,0,0,1,11,1,64.7,100.0,10
cotonou_1302,31.5,72.0,230.0,14.8,1010.2,4569.624350402508,21238.37353,109.0,570.0,-0.0004627824035331,1.4540078147262236,11.552399516105652,295.10022487825086,1.2216518638584335,1,-1.0,-1.0,0,0,1,10,1,79.0,100.0,10
cotonou_1301,31.5,72.0,230.0,14.8,1010.2,4653.276449527197,21238.37353,109.0,570.0,-0.0003496861235789,1.330530353482454,12.028148174285889,299.07350129018124,1.1938413300844868,1,-1.0,-1.0,0,0,1,4,1,72.7,100.0,10
cotonou_1223,31.5,72.0,230.0,14.8,1010.2,4776.571043538379,21238.37353,109.0,570.0,-0.0003372761526956,1.3955080179247574,11.975784420967102,296.6536286139741,1.1636618917155623,1,-1.0,-1.0,0,0,3,0,1,78.0,100.0,10
cotonou_1233,32.0,71.0,220.0,18.4,1009.0,4805.349053136664,21238.37353,109.0,570.0,-0.000359894488574,1.4764503514943617,11.82501745223999,292.84263586946065,1.1584918277107032,1,-1.0,-1.0,0,0,0,0,1,78.0,100.0,10
cotonou_1222,32.0,71.0,220.0,18.4,1009.0,5089.074189656917,21238.37353,109.0,570.0,-0.0001281737357146,1.4326010866246464,12.94988250732422,293.8767369941594,1.0812601331547438,1,-1.0,-1.0,0,0,2,2,1,73.3,100.0,10
cotonou_1133,32.0,71.0,220.0,18.4,1009.0,5489.36083780489,21238.37353,109.0,570.0,-1.1229643950591223e-05,1.3800564572091043,13.670392274856567,294.08369508729345,0.9949127701568784,0,-1.0,5225.343482880407,0,3,3,13,1,65.2,100.0,10
cotonou_1122,32.0,71.0,220.0,18.4,1009.0,5656.758700515132,21238.37353,109.0,570.0,-2.256958480488775e-05,1.3067011640026998,13.614120244979858,296.4766195041817,0.966046233610802,0,5441.371094683894,5259.992058194431,2,4,0,1,1,72.1,100.0,10
cotonou_1112,31.5,72.0,200.0,11.2,1008.3,5757.605690600308,21238.37353,109.0,570.0,-0.0002809881757752,1.2143046302503602,12.13686180114746,300.0147507819024,0.963825208622892,0,-1.0,5215.3061566159095,0,14,0,11,1,70.6,100.0,10
cotonou_1123,31.5,72.0,200.0,11.2,1008.3,5482.545971950103,21238.37353,109.0,570.0,-0.0001610782124974,1.241450915378826,13.021891832351685,299.2924448953943,1.0029243515246171,0,5163.921055744586,5141.946923592482,2,2,0,6,1,77.1,100.0,10
cotonou_1221,31.5,72.0,200.0,11.2,1008.3,5343.771428060805,21238.37353,109.0,570.0,2.935003351282193e-05,1.3500414400304217,13.777858972549438,296.19124802154533,1.020861300629914,1,-1.0,-1.0,0,0,1,8,1,63.4,100.0,10
cotonou_1212,31.0,75.0,200.0,18.4,1008.0,5061.8145152333855,21238.37353,109.0,570.0,-0.000185542450546,1.3083753601824355,12.661763191223145,298.44992912660297,1.090341818398749,1,-1.0,-1.0,0,0,0,5,1,76.5,100.0,10
cotonou_1213,31.0,75.0,200.0,18.4,1008.0,4839.91204725377,21238.37353,109.0,570.0,-0.0002252553220804,1.2473036721407322,12.483323097229004,302.1265945811173,1.1424309595223618,1,-1.0,-1.0,0,0,0,6,1,79.9,100.0,10
cotonou_1211,31.0,75.0,200.0,18.4,1008.0,5343.886067470345,21238.37353,109.0,570.0,-0.0001721443317512,1.212190088702268,12.775887489318848,301.3426731344732,1.0315788413297171,0,-1.0,4819.135732187685,0,4,3,13,1,76.1,100.0,10
cotonou_1113,30.2,77.0,220.0,13.0,1008.6,5676.199263658412,21238.37353,167.0,570.0,-0.0023874962870753,3.26506999655577,11.38288426399231,167.0731409420896,1.5704119381556918,1,-1.0,-1.0,0,0,0,6,1,73.9,150.0,10
cotonou_1111,29.5,80.0,200.0,7.6,1009.5,5483.036059562817,21238.37353,109.0,570.0,-0.0003690586004171,1.1904184196322705,11.64995050430298,302.91180842094514,1.017166571067283,0,-1.0,5087.466323802774,0,10,3,11,1,78.1,100.0,10
cotonou_1202,30.7,55.0,293.0,13.0,1011.4,5068.86005069446,21238.37353,109.0,570.0,-0.0001673716085928,1.1949032903500438,12.877948999404907,303.3976907405471,1.0863838746394157,1,-1.0,-1.0,0,0,0,2,1,64.2,100.0,10
cotonou_1341,30.7,55.0,293.0,13.0,1011.4,4799.097696201422,21238.37353,109.0,570.0,-0.0002582701635949,1.13674961628816,12.293725728988647,309.0890967067708,1.1544069172239535,1,-1.0,-1.0,0,0,3,4,1,66.5,100.0,10
cotonou_1192,30.7,55.0,293.0,13.0,1011.4,5149.89229132468,21238.37353,109.0,570.0,-7.984734129631651e-05,1.1214571584701247,13.29633092880249,306.9329966912877,1.0646407551125912,1,-1.0,-1.0,0,0,0,5,1,66.5,100.0,10
cotonou_1201,31.8,31.0,20.0,11.2,1010.9,5325.751776278166,21238.37353,109.0,570.0,-0.0002868788330643,1.143777332096779,12.487627029418944,304.73008993241,1.0381907885775037,0,5037.584846499588,4792.109313725243,2,11,1,14,1,78.2,100.0,10
cotonou_1103,31.8,31.0,20.0,11.2,1010.9,5432.131361256864,21238.37353,167.0,570.0,-0.002393394041596,3.218967768175609,11.90708327293396,163.69415197454464,1.6354089393837958,1,-1.0,-1.0,0,0,1,4,1,80.4,150.0,10
cotonou_1101,31.8,31.0,20.0,11.2,1010.9,5492.571572478567,21238.37353,109.0,570.0,-0.0001749342024803,1.0867427385195314,12.927932500839232,307.07177248805993,1.0020739224522794,0,5063.292431543368,5041.278116623614,2,10,1,6,1,70.4,100.0,10
cotonou_191,33.0,28.0,70.0,11.2,1010.0,4970.544131993259,21238.37353,167.0,570.0,-0.0027262630207198,3.3531491426879247,11.515289783477783,163.31238426350762,1.7916979315957482,1,-1.0,-1.0,0,0,0,5,1,80.4,150.0,10
cotonou_192,33.0,28.0,70.0,11.2,1010.0,5469.591242329795,21238.37353,167.0,570.0,-0.0021838096999062,3.144546529361619,13.120882272720335,160.61067640462795,1.6115096361119166,1,-1.0,-1.0,0,0,1,13,1,76.6,150.0,10
cotonou_1181,33.0,28.0,70.0,11.2,1010.0,5409.226577788564,21238.37353,167.0,570.0,-0.002120113909324,3.1075495539285893,13.116812944412231,157.09087026127884,1.6295268235148836,1,-1.0,-1.0,0,0,0,10,1,79.2,150.0,10
cotonou_1183,33.0,28.0,70.0,11.2,1010.0,5260.751110987329,21238.37353,109.0,570.0,-8.820078984612806e-06,1.1150451396744412,14.031977653503418,312.56669575644696,1.0342013528297664,0,-1.0,4807.419852926297,0,3,1,4,1,68.0,100.0,10
cotonou_1191,34.0,32.0,222.0,5.4,1009.0,5365.385562434221,21238.37353,109.0,570.0,-3.4541943431370244e-05,1.0927845813846488,13.910624742507936,308.6413722167984,1.0153323562488867,1,-1.0,-1.0,0,0,2,1,1,55.8,100.0,10
cotonou_1193,34.0,32.0,222.0,5.4,1009.0,5086.324652845987,21238.37353,109.0,570.0,1.7175147699755252e-05,1.1036040864435763,13.547499895095823,309.5055035352533,1.0751149167824927,1,-1.0,-1.0,0,0,4,7,1,61.3,100.0,10
cotonou_1171,34.0,32.0,222.0,5.4,1009.0,5178.6043278147945,21238.37353,109.0,570.0,-0.0001464531308128,1.08105563830407,12.915658950805664,315.52097948136225,1.0629496420510016,0,4888.021319440417,4815.375567346822,2,12,1,12,1,57.6,100.0,10
cotonou_1361,34.0,32.0,222.0,5.4,1009.0,4914.946569475132,21238.37353,109.0,570.0,-8.376473967919897e-05,1.1157990838888543,13.232849359512327,315.23830714716746,1.1162602120423375,1,-1.0,-1.0,0,0,2,12,1,53.4,100.0,10
cotonou_1392,34.0,32.0,222.0,5.4,1009.0,4687.106096817543,21238.37353,109.0,570.0,-0.0002036194761091,1.116184155946373,12.70855164527893,316.92367894888105,1.1769133255878548,1,-1.0,-1.0,0,0,0,15,1,64.4,100.0,10
cotonou_1363,32.1,54.0,211.0,13.0,1008.6,4470.9970542526735,21238.37353,109.0,570.0,-0.0002354833003601,1.134068228364734,12.442737579345703,317.17831939646027,1.2371879682565103,1,-1.0,-1.0,0,0,3,0,1,70.5,100.0,10
cotonou_1372,32.1,54.0,211.0,13.0,1008.6,4152.123972139329,21238.37353,109.0,570.0,-0.0001205613427128,1.0557793892455307,12.916407346725464,321.36504437623745,1.3256352701218703,1,-1.0,-1.0,0,0,2,8,1,64.5,100.0,10
cotonou_1182,30.7,45.0,199.0,11.1,1008.8,4956.536160007034,21238.37353,109.0,570.0,-2.271728150306764e-05,1.1161441077018268,13.337520360946655,311.50884651274447,1.1056866632358076,1,-1.0,-1.0,0,0,7,7,1,58.1,100.0,10
cotonou_1283,30.1,50.0,198.0,11.1,1009.1,4648.079583606955,21238.37353,109.0,570.0,-0.0004637451181998,1.3779662658936933,11.512753367424011,289.01544684361073,1.2015261094521832,1,-1.0,-1.0,0,0,0,1,1,61.3,100.0,10
cotonou_1281,30.1,50.0,198.0,11.1,1009.1,4353.083056839785,21238.37353,109.0,570.0,-0.0005100790798498,1.3885688654069972,11.44884169101715,290.6532124781439,1.283764687056205,1,-1.0,-1.0,0,0,2,1,1,66.1,100.0,10
cotonou_1271,30.1,50.0,198.0,11.1,1009.1,4203.015171162527,21238.37353,109.0,570.0,-0.0005211145913624,1.3087036326878865,11.478070855140686,289.67866438639777,1.3291868601295267,1,-1.0,-1.0,0,0,3,3,1,58.0,100.0,10
cotonou_1272,30.0,55.0,310.0,7.6,1013.0,3849.293038502063,21238.37353,109.0,570.0,-0.0005382163162714,1.1405860146730875,11.691865801811218,288.90887521820343,1.448099210858559,0,-1.0,3610.158601240412,0,4,2,6,1,59.4,100.0,10
cotonou_1292,30.0,55.0,310.0,7.6,1013.0,4030.682227989706,21238.37353,109.0,570.0,-0.0005481021077025,1.338562003328123,11.49600875377655,291.36694732555304,1.3857400656619183,1,-1.0,-1.0,0,0,1,3,1,62.5,100.0,10
cotonou_1273,33.0,39.0,280.0,7.6,1012.0,4282.9682683893125,21238.37353,109.0,570.0,-0.0004900227597521,1.1739101222025703,11.586800456047058,285.63436457309666,1.3029288873174123,1,-1.0,-1.0,0,0,3,7,1,63.0,100.0,10
cotonou_1263,33.0,39.0,280.0,7.6,1012.0,4307.373857044036,21238.37353,109.0,570.0,-0.000491274624448,1.099851340353663,11.917985320091248,283.38991031068,1.291145906026079,0,4005.253446229324,3832.61321147806,5,5,2,1,1,61.3,100.0,10
cotonou_1261,33.0,39.0,280.0,7.6,1012.0,4121.304040987123,21238.37353,109.0,570.0,-0.0001244186815738,0.6103188910246721,13.161118268966677,278.59463495847257,1.3321448455321634,1,-1.0,-1.0,0,0,3,8,1,55.2,100.0,10
cotonou_1262,33.0,48.0,210.0,9.4,1011.2,4554.486036074531,21238.37353,109.0,570.0,-0.0002567001235433,0.8686399844522278,12.493179082870483,280.6371388640656,1.2138814692271056,1,-1.0,-1.0,0,0,1,15,1,68.1,100.0,10
cotonou_1253,33.0,48.0,210.0,9.4,1011.2,4519.7925512261,21238.37353,109.0,570.0,-0.0004529192556742,1.2296797913990782,11.637282371520996,285.2200132901957,1.2340411899014596,1,-1.0,-1.0,0,0,2,5,1,60.2,100.0,10
cotonou_1251,33.0,48.0,210.0,9.4,1011.2,4790.107476739341,21238.37353,109.0,570.0,-0.0004213332394023,1.2676438086014932,11.642843008041382,284.85159526210515,1.16435514739264,0,-1.0,4588.519787337485,0,3,2,3,1,67.2,100.0,10
cotonou_1241,34.0,44.0,220.0,14.8,1010.0,5053.006422081916,21238.37353,109.0,570.0,-0.0003769555519431,1.2798522612146228,11.69238817691803,283.92048856956905,1.1032296349173805,1,-1.0,-1.0,0,0,1,2,1,65.7,100.0,10
cotonou_1291,33.0,49.0,210.0,16.6,1009.0,3770.1920045211327,21238.37353,109.0,570.0,-0.0005621920650204,1.292307432976471,11.598401188850405,291.8990082789819,1.4798873494294469,1,-1.0,-1.0,0,0,1,6,1,66.8,100.0,10
cotonou_1391,31.8,57.0,210.0,13.0,1008.6,4953.484283830751,21238.37353,109.0,570.0,-0.0002134789304615,1.084820581032986,12.66442894935608,317.0471161529701,1.1141502811082764,0,-1.0,4735.0941951648665,0,1,0,3,1,62.5,100.0,10
cotonou_1131,31.0,63.0,210.0,16.6,1009.0,5866.319059730374,21238.37353,109.0,570.0,-4.711656859426788e-05,1.3231297075781865,13.395543575286863,295.2964839826799,0.9336769648808098,0,-1.0,5325.536140396511,0,11,0,4,1,58.3,100.0,10
cotonou_1132,31.0,63.0,210.0,16.6,1009.0,5783.257512357362,21238.37353,109.0,570.0,-8.602477842490749e-05,1.352221980701822,13.2295823097229,293.13790396198067,0.9487281544720012,0,-1.0,5296.490346988606,0,4,1,3,1,58.6,100.0,10
cotonou_1142,29.5,69.0,210.0,9.4,1009.5,5883.492240735914,21238.37353,109.0,570.0,-7.413106197302033e-05,1.3462295018211272,13.08489179611206,291.2765253154271,0.933976607409194,0,-1.0,5400.079050615327,0,10,1,3,1,53.7,100.0,10
cotonou_1141,29.5,69.0,210.0,9.4,1009.5,5718.361684502933,21238.37353,109.0,570.0,-0.0001175130175391,1.3674877082653962,13.075225591659546,290.73855169670514,0.9610391207591662,0,-1.0,4973.48491197249,0,4,0,4,1,51.6,100.0,10
cotonou_1282,29.0,75.0,200.0,13.0,1010.0,4768.991639645763,21238.37353,109.0,570.0,-0.0003598626109137,1.104626373000552,11.977882146835327,282.04710613210995,1.1654856087733434,0,-1.0,4205.122888665602,0,1,0,0,1,61.2,100.0,10
cotonou_1293,31.0,63.0,180.0,9.4,1011.0,3793.421461632829,21238.37353,109.0,570.0,-0.0005664421298399,1.3372928717287489,11.555829644203186,292.8092609689786,1.4714716564443049,1,-1.0,-1.0,0,0,1,3,1,62.4,100.0,10
cotonou_242,31.0,63.0,180.0,9.4,1011.0,3451.806751709682,21238.37353,109.0,570.0,-0.0005597905316581,1.1917324251628096,11.88625419139862,292.2320801335948,1.6115445567228714,1,-1.0,-1.0,0,0,3,6,1,60.5,100.0,10
cotonou_243,31.7,62.0,220.0,11.2,1010.7,3054.861632987612,21238.37353,109.0,570.0,-0.0003696707578805,1.028219381068655,12.564717531204224,291.8731091134885,1.808101662573801,1,-1.0,-1.0,0,0,2,3,1,65.7,100.0,10
cotonou_251,31.7,62.0,220.0,11.2,1010.7,2816.3976968280367,21238.37353,109.0,570.0,-0.0005410109770806,1.0534013191596403,12.247373342514038,298.2505299067651,1.9675268106922383,1,-1.0,-1.0,0,0,1,2,1,64.6,100.0,10
cotonou_252,31.7,62.0,220.0,11.2,1010.7,2493.7217449570303,21238.37353,109.0,570.0,-0.0003880375389672,0.8974657877262991,13.126152515411375,297.74257779418195,2.2017142645997523,1,-1.0,-1.0,0,0,1,2,1,54.4,100.0,10
cotonou_253,32.0,63.0,220.0,13.0,1010.0,2786.6551586680825,21238.37353,109.0,570.0,-0.0002466144299755,0.8754232795945386,13.129727840423584,289.79237789668343,1.9703896109919603,1,-1.0,-1.0,0,0,2,14,1,65.8,100.0,10
cotonou_241,32.0,63.0,220.0,13.0,1010.0,3072.603357234772,21238.37353,109.0,570.0,-0.000238427131895,0.8907516446384639,12.962997436523438,288.21420191715094,1.790248682839918,1,-1.0,-1.0,0,0,2,14,1,60.5,100.0,10
cotonou_233,32.0,63.0,220.0,13.0,1010.0,3447.0774924186853,21238.37353,109.0,570.0,-0.0001932853986734,0.8860180616386336,13.01735258102417,285.43118446254897,1.5949684924839544,1,-1.0,-1.0,0,0,3,11,1,62.1,100.0,10
cotonou_211,30.9,71.0,220.0,18.4,1009.3,3614.127966709307,21238.37353,109.0,570.0,0.000115660729447,0.5018101469804411,14.272826194763184,278.43523799972445,1.5013925843570182,1,-1.0,-1.0,0,0,2,11,1,61.3,100.0,10
cotonou_221,32.0,67.0,220.0,14.8,1009.0,3768.304881867824,21238.37353,109.0,570.0,4.533699725887567e-05,0.4003779077323458,14.375529766082764,274.681958266804,1.4384302411363628,1,-1.0,-1.0,0,0,4,12,1,55.9,100.0,10
cotonou_212,32.0,67.0,220.0,14.8,1009.0,3699.678815526941,21238.37353,109.0,570.0,0.0002048036181942,0.3472912601788964,14.556869506835938,269.4191141775792,1.4622939216353958,1,-1.0,-1.0,0,0,5,8,1,60.3,100.0,10
cotonou_222,29.6,72.0,220.0,14.8,1010.1,3529.5962673231675,21238.37353,109.0,570.0,0.0003066300683551,0.3564563077749137,14.811158657073976,271.74046830090845,1.5286005035650918,1,-1.0,-1.0,0,0,0,2,1,61.6,100.0,10
cotonou_223,29.6,72.0,220.0,14.8,1010.1,3276.2655070848086,21238.37353,109.0,570.0,0.0003081427877006,0.4309051656542626,14.677647590637209,276.09070057841586,1.6490667021582446,1,-1.0,-1.0,0,0,0,16,1,61.8,100.0,10
cotonou_272,29.6,72.0,220.0,14.8,1010.1,3095.01231043658,21238.37353,109.0,570.0,0.0002683040830824,0.4371074673230208,14.489458084106444,275.90978478196973,1.7490634738928703,1,-1.0,-1.0,0,0,2,3,1,56.3,100.0,10
cotonou_262,31.5,70.0,236.0,9.3,1011.4,2980.405356913454,21238.37353,109.0,570.0,8.508629691658819e-05,0.5774535982176787,14.04482364654541,279.9626119941853,1.824815928308346,1,-1.0,-1.0,0,0,0,7,1,59.2,100.0,10
cotonou_232,32.4,63.0,230.0,7.6,1010.7,3220.398276822056,21238.37353,109.0,570.0,-7.083198764909776e-05,0.6173545279088233,13.55777382850647,280.3790349119499,1.6975653549574596,1,-1.0,-1.0,0,0,4,10,1,53.0,100.0,10
cotonou_261,32.4,63.0,230.0,7.6,1010.7,3039.1540272558145,21238.37353,109.0,570.0,-0.0002251684066385,0.8134380582265084,13.04297947883606,285.22530074108863,1.8084329997980555,1,-1.0,-1.0,0,0,0,1,1,63.8,100.0,10
cotonou_273,33.0,63.0,210.0,13.0,1009.0,2758.607162862188,21238.37353,109.0,570.0,7.363092814776918e-05,0.513392001969891,13.912274599075316,277.7746869694792,1.97417350301024,1,-1.0,-1.0,0,0,1,5,1,62.4,100.0,10
cotonou_271,33.0,63.0,210.0,13.0,1009.0,3139.0502296879654,21238.37353,109.0,570.0,0.0001158508556282,0.3531082050107554,14.128990173339844,271.04198349215983,1.7311141720496483,1,-1.0,-1.0,0,0,2,0,1,78.1,100.0,10
cotonou_281,33.0,63.0,210.0,13.0,1009.0,3241.583475755923,21238.37353,109.0,570.0,3.935189436333331e-05,0.351474302438753,13.900843620300291,269.4545977336785,1.680418824518464,1,-1.0,-1.0,0,0,0,4,1,74.7,100.0,10
cotonou_282,33.0,63.0,210.0,13.0,1009.0,3466.628739210918,21238.37353,109.0,570.0,-0.0009579035774462,1.461353106689793,10.316012769937515,263.2377280134364,1.6305897841075554,1,-1.0,-1.0,0,0,0,0,1,69.9,100.0,10
cotonou_283,33.0,63.0,210.0,13.0,1009.0,3052.7840752046363,21238.37353,109.0,570.0,-0.0009602551467907,1.383048127405147,10.710995376110075,261.2815976560275,1.84408732899194,1,-1.0,-1.0,0,0,0,0,1,64.3,100.0,10
cotonou_2121,33.0,63.0,200.0,11.2,1008.0,2800.744709422837,21238.37353,109.0,570.0,-0.0011930460260625,1.2660693306602957,10.30681025981903,261.9412242740908,2.018164819880317,1,-1.0,-1.0,0,0,0,0,1,66.5,100.0,10
cotonou_2122,32.0,71.0,200.0,18.4,1008.0,2494.8787391923147,21238.37353,109.0,570.0,-0.000302155960794,0.5018356998519538,12.82511305809021,263.2933580953988,2.207597481007879,1,-1.0,-1.0,0,0,0,1,1,75.4,100.0,10
cotonou_2123,32.0,71.0,200.0,18.4,1008.0,2504.914417883625,21238.37353,109.0,570.0,-0.0013387231517207,0.8926405038980452,12.225592136383057,259.94968469774835,2.2124544097071084,1,-1.0,-1.0,0,0,0,0,1,55.9,100.0,10
cotonou_2162,32.0,71.0,200.0,18.4,1008.0,2427.2154961201018,21238.37353,109.0,570.0,-0.0010889048078452,0.9630306460013642,10.99561846256256,258.68867310423315,2.3121922513830704,1,-1.0,-1.0,0,0,0,0,1,59.0,100.0,10
cotonou_2161,32.0,71.0,200.0,18.4,1008.0,2291.164993130129,21238.37353,109.0,570.0,-0.0002955737496227,0.4454584912690868,13.088080644607544,262.5815961662611,2.397095609167065,1,-1.0,-1.0,0,0,5,2,1,65.8,100.0,10
cotonou_2163,32.0,71.0,200.0,18.4,1008.0,2146.042881821644,21238.37353,109.0,570.0,-0.0011430318828101,0.7575886556896223,11.187092542648315,257.15314678244886,2.609636055986111,1,-1.0,-1.0,0,0,2,6,1,63.1,100.0,10
cotonou_2201,31.0,75.0,200.0,18.4,1008.0,1997.6924262518385,21238.37353,109.0,570.0,-0.0010027700000339,0.6216706980331164,12.883947134017944,254.86398675041883,2.754578508079184,1,-1.0,-1.0,0,0,0,1,1,72.8,100.0,10
cotonou_2202,31.0,75.0,200.0,18.4,1008.0,1709.8496718973304,21238.37353,109.0,570.0,-4.0192542232595e-05,0.4018576739802592,13.44653868675232,255.18978278177016,3.1985977795941407,1,-1.0,-1.0,0,0,4,4,1,69.3,100.0,10
cotonou_2203,31.0,75.0,200.0,18.4,1008.0,1546.0306695280617,21238.37353,109.0,570.0,0.0004543759204723,0.2714239191665797,14.482590675354004,267.2025056202835,3.4984538135539145,1,-1.0,-1.0,0,0,3,12,1,64.1,100.0,10
cotonou_2151,31.0,75.0,200.0,18.4,1008.0,1763.7579853039406,21238.37353,109.0,570.0,0.0001958087285822,0.3762481547846698,14.26033067703247,271.3462893974142,3.0746687959271304,1,-1.0,-1.0,0,0,3,8,1,66.6,100.0,10
cotonou_2152,31.0,71.0,240.0,9.4,1011.0,1650.753880415097,21238.37353,109.0,570.0,0.0004024140274289,0.4441472984391478,14.690556526184082,273.83659427171995,3.269818502888493,1,-1.0,-1.0,0,0,4,3,1,66.6,100.0,10
cotonou_2191,31.0,71.0,240.0,9.4,1011.0,1217.6787366585486,21238.37353,109.0,570.0,0.0014036603607482,0.3801626926254294,14.910414218902588,273.3653651236717,4.418444075565466,1,-1.0,-1.0,0,0,6,10,1,54.4,100.0,10
cotonou_2192,31.0,71.0,240.0,9.4,1011.0,945.6399511619912,21238.37353,109.0,570.0,0.0016277095850776,0.5685048790960965,15.33803939819336,285.5765153825655,5.6564754174926,1,-1.0,-1.0,0,0,1,15,1,62.9,100.0,10
cotonou_2193,31.0,71.0,240.0,9.4,1011.0,1420.4486693701908,21238.37353,109.0,570.0,0.0011608601086971,0.6512716414995876,15.542208671569824,282.72810122218726,3.7643248776692415,1,-1.0,-1.0,0,0,2,14,1,68.3,100.0,10
cotonou_2181,32.6,66.0,210.0,11.2,1010.9,1216.9490449615014,21238.37353,109.0,570.0,0.001795261195789,0.6727420464464877,15.68159246444702,289.0035247767115,4.384988681717414,1,-1.0,-1.0,0,0,1,14,1,57.1,100.0,10
cotonou_2182,32.6,66.0,210.0,11.2,1010.9,1444.0873258137572,21238.37353,109.0,570.0,0.0004500955372749,0.6661373546271989,14.441511631011965,295.06556416910905,3.746365570927417,1,-1.0,-1.0,0,0,5,7,1,58.2,100.0,10
cotonou_2183,32.6,66.0,210.0,11.2,1010.9,1060.1319726627655,21238.37353,109.0,570.0,0.0010193127905984,0.5866722590519126,14.961089611053469,307.73106631222765,5.069149067524588,1,-1.0,-1.0,0,0,0,9,1,59.3,100.0,10
cotonou_2171,32.6,66.0,210.0,11.2,1010.9,1370.6988571093198,21238.37353,109.0,570.0,-0.0001139410667949,0.7169315719482584,13.5554096698761,303.9592752720254,3.98319400926436,1,-1.0,-1.0,0,0,1,12,1,59.6,100.0,10
cotonou_2172,32.6,66.0,210.0,11.2,1010.9,1150.8843962082135,21238.37353,109.0,570.0,0.0001372281128798,0.4604412723017489,14.213775634765623,313.67748698650973,4.708223573938772,1,-1.0,-1.0,0,0,4,9,1,56.5,100.0,10
cotonou_2173,33.0,63.0,200.0,16.6,1009.0,1291.5449627300927,21238.37353,109.0,570.0,-4.500671669288912e-05,0.4076923077409421,13.665865182876589,320.6120080346369,4.221576226115629,1,-1.0,-1.0,0,0,4,7,1,68.1,100.0,10
cotonou_2132,33.0,63.0,200.0,16.6,1009.0,1968.022503163138,21238.37353,109.0,570.0,-0.0005072016342013,0.7307805697244523,12.759899616241457,309.78088884933584,2.7996439813339364,1,-1.0,-1.0,0,0,2,8,1,72.0,100.0,10
cotonou_2133,33.0,63.0,200.0,16.6,1009.0,2118.5598569701297,21238.37353,109.0,570.0,-0.0004467479714519,0.8707347731829698,12.750686168670654,306.55924950474605,2.601243482365257,1,-1.0,-1.0,0,0,2,12,1,66.2,100.0,10
cotonou_292,33.0,63.0,210.0,18.4,1008.0,2166.001315950873,21238.37353,109.0,570.0,-0.0003485911601298,0.8979518731725395,13.081627368927002,304.2463950735809,2.535607744806154,1,-1.0,-1.0,0,0,3,6,1,64.2,100.0,10
cotonou_291,33.0,63.0,210.0,18.4,1008.0,2206.1820021648828,21238.37353,109.0,570.0,-0.0002799903091631,0.8290579917998921,13.1012122631073,294.42003611464526,2.488978269871138,1,-1.0,-1.0,0,0,0,3,1,75.2,100.0,10
cotonou_293,31.9,70.0,220.0,18.4,1008.0,2426.7475494401674,21238.37353,109.0,570.0,-0.0004812783239413,0.931986285489817,12.849953889846802,301.13849228199683,2.2689265092392787,1,-1.0,-1.0,0,0,3,13,1,62.4,100.0,10
cotonou_2103,31.9,70.0,220.0,18.4,1008.0,2583.5200876281688,21238.37353,109.0,570.0,-0.0001037060366838,0.683490557653835,13.44040846824646,284.19322094237003,2.118298388339204,1,-1.0,-1.0,0,0,5,10,1,70.7,100.0,10
cotonou_2221,32.0,71.0,210.0,22.3,1008.0,1246.064307549385,21238.37353,109.0,570.0,0.0005617288025942,0.3914941014943371,14.75169563293457,338.19727157242323,4.325432898594791,1,-1.0,-1.0,0,0,2,14,1,56.6,100.0,10
cotonou_2223,31.0,75.0,210.0,18.4,1008.0,1007.4143198790524,21238.37353,109.0,570.0,0.0014404162892522,0.3978966711796472,15.028330326080322,342.4843909312297,5.329132972138057,1,-1.0,-1.0,0,0,4,7,1,62.8,100.0,10
cotonou_2261,31.0,75.0,210.0,18.4,1008.0,1105.2897465619849,21238.37353,109.0,570.0,0.0011480011491694,0.436861389619174,15.23134183883667,353.62240070864846,4.849148982170542,1,-1.0,-1.0,0,0,3,10,1,71.2,100.0,10
cotonou_2222,31.0,75.0,210.0,18.4,1008.0,769.8933552890436,21238.37353,109.0,570.0,0.0010414220019812,0.333930817434689,14.565139293670654,339.18599113514057,6.992950142561418,1,-1.0,-1.0,0,0,3,7,1,62.4,100.0,10
cotonou_2263,31.0,75.0,210.0,18.4,1008.0,820.6039167215678,21238.37353,109.0,570.0,0.0012318645583258,0.4047922086039178,14.658854961395264,9.740837742937742,6.5582458648559685,1,-1.0,-1.0,0,0,4,8,1,66.4,100.0,10
cotonou_2262,31.6,70.0,230.0,16.6,1013.0,1092.7200134510306,21238.37353,109.0,570.0,0.0013730621745443,0.4704143437702909,15.322994709014893,8.463031641343662,4.89988831518094,1,-1.0,-1.0,0,0,3,9,1,64.4,100.0,10
cotonou_2301,31.6,70.0,230.0,16.6,1013.0,1079.4054526183677,21238.37353,109.0,570.0,0.0011146235771393,0.4526510237527424,14.932105541229248,21.040442279932503,4.980622161117409,1,-1.0,-1.0,0,0,2,12,1,70.5,100.0,10
cotonou_2303,32.0,67.0,210.0,18.4,1012.0,1151.687933552264,21238.37353,109.0,570.0,0.0008234607494943,0.4567800235486249,14.634876251220703,34.036922622048166,4.684144206463119,1,-1.0,-1.0,0,0,3,3,1,62.5,100.0,10
cotonou_2341,32.0,67.0,210.0,18.4,1012.0,1195.5435189640862,21238.37353,109.0,570.0,0.0010220669564746,0.3933914901189018,14.9500994682312,46.88922885941025,4.49802742141073,1,-1.0,-1.0,0,0,2,3,1,68.1,100.0,10
cotonou_2342,32.0,67.0,210.0,18.4,1012.0,1357.8787021080584,21238.37353,109.0,570.0,0.000919398758397,0.427343255386619,15.043323516845703,56.911847588231126,3.958199092760199,1,-1.0,-1.0,0,0,2,3,1,65.5,100.0,10
cotonou_2343,32.0,67.0,210.0,18.4,1012.0,1631.3242883699072,21238.37353,109.0,570.0,0.0008991772668403,0.3961536521955504,15.23406219482422,53.71558777489071,3.28965114817955,1,-1.0,-1.0,0,0,5,8,1,64.2,100.0,10
cotonou_2351,32.0,67.0,210.0,18.4,1012.0,1382.4306327993138,21238.37353,109.0,570.0,0.0012281954514455,0.550526890656452,15.435359001159668,79.88132881977072,3.8719453613113775,1,-1.0,-1.0,0,0,2,12,1,69.85,100.0,10
cotonou_2353,32.0,71.0,220.0,16.6,1011.0,980.8934346454485,21238.37353,109.0,570.0,0.0018295176823933,0.5367579009484815,15.447038173675535,61.636805792920086,5.448119987206698,1,-1.0,-1.0,0,0,4,9,1,58.7,100.0,10
cotonou_2311,32.0,71.0,220.0,16.6,1011.0,889.7244954272687,21238.37353,109.0,570.0,0.0017867485698999,0.4176394545209398,14.92104434967041,58.00872748813214,6.035993607168935,1,-1.0,-1.0,0,0,0,9,1,54.0,100.0,10
cotonou_2312,31.4,69.0,240.0,16.6,1010.7,482.18069940653567,21238.37353,109.0,570.0,0.0019800154804339,0.3925639587324827,14.690194606781006,65.58972875865038,11.066781001639868,1,-1.0,-1.0,0,0,2,10,1,71.6,100.0,10
cotonou_2313,31.4,69.0,240.0,16.6,1010.7,579.0191730505736,21238.37353,109.0,570.0,0.0016544860506814,0.6045606290208336,14.900596141815186,34.57205249518745,9.230733492873458,1,-1.0,-1.0,0,0,2,12,1,64.7,100.0,10
cotonou_2271,31.4,69.0,240.0,16.6,1010.7,362.0836130630121,21238.37353,109.0,570.0,0.0039539386723878,0.664225232697654,15.336487770080566,36.02262436183412,14.503310859644232,1,-1.0,-1.0,0,0,5,8,1,65.4,100.0,10
cotonou_2272,31.4,69.0,240.0,16.6,1010.7,496.6554965761607,21238.37353,109.0,570.0,0.0015148928290919,0.4423879512253414,14.618048667907717,5.244177367362852,10.759905234066563,1,-1.0,-1.0,0,0,0,10,1,68.1,100.0,10
cotonou_2232,31.0,71.0,210.0,20.5,1010.0,687.0044332271001,21238.37353,109.0,570.0,0.0018841524124145,0.4795452635108033,15.115276336669922,313.3822938700255,7.7817291452086685,1,-1.0,-1.0,0,0,8,9,1,62.0,100.0,10
cotonou_2231,31.0,71.0,210.0,20.5,1010.0,915.8324101029484,21238.37353,109.0,570.0,0.0010519458790018,0.4512212431520847,14.851216793060305,315.0545819853266,5.86946349048247,1,-1.0,-1.0,0,0,2,7,1,58.3,100.0,10
cotonou_2233,31.0,71.0,210.0,20.5,1010.0,593.6865183892411,21238.37353,109.0,570.0,0.0028013769234349,0.5549674062265241,15.254116535186768,295.302281393438,8.973182811314887,1,-1.0,-1.0,0,0,7,10,1,62.1,100.0,10
cotonou_2241,31.0,71.0,210.0,20.5,1010.0,402.2049653726266,21238.37353,109.0,570.0,0.0022428825497627,0.3646613565562455,14.594610214233398,295.0579641621133,13.209325463891815,1,-1.0,-1.0,0,0,3,8,1,60.3,100.0,10
cotonou_2243,30.0,79.0,220.0,18.4,1011.0,841.827017791367,21238.37353,109.0,570.0,0.00113785088036,0.2856273555392594,14.59352445602417,261.03982978452683,6.398685671911359,1,-1.0,-1.0,0,0,0,4,1,70.0,100.0,10
cotonou_312,33.0,63.0,248.0,13.0,1011.0,2242.642512480036,21238.37353,109.0,570.0,0.0001673407503855,0.4205845515325288,14.414307117462158,46.80347120403002,2.415075542613337,1,-1.0,-1.0,0,0,7,9,1,61.6,100.0,10
cotonou_311,33.0,63.0,248.0,13.0,1011.0,1899.038496261962,21238.37353,109.0,570.0,0.0006751505326943,0.4016001755697797,15.126235008239746,50.83394190440231,2.829956333719564,1,-1.0,-1.0,0,0,3,1,1,65.7,100.0,10
cotonou_313,33.0,63.0,248.0,13.0,1011.0,1957.470493280047,21238.37353,109.0,570.0,0.0005075127573897,0.4043305204907438,14.844311237335203,41.9170949376217,2.7538442183921563,1,-1.0,-1.0,0,0,4,9,1,57.9,100.0,10
cotonou_322,32.0,63.0,180.0,14.8,1011.0,1612.154506344501,21238.37353,109.0,570.0,0.0007287285152133,0.4500976165161485,15.109332084655762,31.835471183764582,3.333098166971575,1,-1.0,-1.0,0,0,0,8,1,67.6,100.0,10
cotonou_321,32.0,63.0,180.0,14.8,1011.0,1987.583784392438,21238.37353,109.0,570.0,0.0002828971232895,0.4261847339414175,14.4273419380188,33.81318473595513,2.7241771988474213,1,-1.0,-1.0,0,0,6,5,1,65.5,100.0,10
cotonou_323,32.0,63.0,180.0,14.8,1011.0,1768.7982375063436,21238.37353,109.0,570.0,0.0002976827332692,0.4043283737857613,14.409159660339355,24.290844497602222,3.061116987018921,1,-1.0,-1.0,0,0,7,1,1,56.6,100.0,10
cotonou_331,32.0,63.0,180.0,14.8,1011.0,1451.7463909144044,21238.37353,109.0,570.0,0.0007721827700247,0.4196171481294816,14.973148345947266,20.550677984275183,3.7057626363937297,1,-1.0,-1.0,0,0,3,6,1,58.8,100.0,10
cotonou_333,31.8,66.0,200.0,14.8,1010.6,1580.8634436974712,21238.37353,109.0,570.0,0.0001941868847474,0.4588138252805883,14.055437088012695,5.758058721206112,3.43698008987886,1,-1.0,-1.0,0,0,1,5,1,61.1,100.0,10
cotonou_341,31.8,66.0,200.0,14.8,1010.6,1413.4814340923494,21238.37353,109.0,570.0,0.0002800394888637,0.445597446676878,14.31184720993042,2.196910397215163,3.832479019241259,1,-1.0,-1.0,0,0,2,4,1,70.0,100.0,10
cotonou_2211,31.8,66.0,200.0,14.8,1010.6,1499.1162022925355,21238.37353,109.0,570.0,0.0002592577384068,0.3119645220548425,14.133553981781006,262.2428121693877,3.620939342227486,1,-1.0,-1.0,0,0,1,1,1,65.2,100.0,10
cotonou_2293,31.0,71.0,180.0,18.4,1010.0,851.8459264603373,21238.37353,109.0,570.0,-0.0022884043314123,0.7673596563979794,11.668986797332764,211.8914397847874,6.518287511770561,1,-1.0,-1.0,0,0,0,4,1,75.8,100.0,10
cotonou_2331,31.0,71.0,180.0,18.4,1010.0,546.5874574595372,21238.37353,109.0,570.0,-0.0021523918145351,0.4653880931845287,12.583778858184814,213.60786153215747,10.003873856504566,1,-1.0,-1.0,0,0,2,8,1,66.2,100.0,10
cotonou_2332,31.0,71.0,180.0,18.4,1010.0,681.6810147681416,21238.37353,109.0,570.0,-0.0022684186299641,0.5470117727762561,12.103245496749878,185.24558136469204,8.090046288781629,1,-1.0,-1.0,0,0,3,9,1,69.1,100.0,10
cotonou_2371,30.0,75.0,180.0,20.5,1011.0,423.8983255019532,21238.37353,109.0,570.0,-0.0010846252242724,0.1527730324154463,13.2168710231781,167.97932187906952,12.732605814019434,1,-1.0,-1.0,0,0,1,4,1,66.4,100.0,10
cotonou_2372,30.0,75.0,180.0,20.5,1011.0,625.6827604708335,21238.37353,109.0,570.0,-0.0022901124008745,0.4980619192061101,12.5949866771698,158.19058884998014,8.759233736129827,1,-1.0,-1.0,0,0,0,8,1,77.3,100.0,10
cotonou_2373,30.0,75.0,180.0,20.5,1011.0,500.7534152382397,21238.37353,109.0,570.0,-0.0005359875528435,0.1560783256621003,13.603344440460203,131.81695674109426,10.785959870811029,1,-1.0,-1.0,0,0,0,2,1,73.9,100.0,10
cotonou_2361,30.0,75.0,180.0,20.5,1011.0,1136.8683757057122,21238.37353,109.0,570.0,0.0006687364975611,0.2545703819077791,14.499939441680908,103.05685112146466,4.751680918153485,1,-1.0,-1.0,0,0,0,2,1,75.1,100.0,10
cotonou_2362,29.8,77.0,200.0,11.2,1012.0,1340.8846285867153,21238.37353,109.0,570.0,0.0013987387325746,0.7131403339565525,15.807615280151367,93.79797647134104,3.9757021514938327,1,-1.0,-1.0,0,0,1,13,1,58.1,100.0,10
cotonou_2213,31.0,66.0,250.0,7.6,1013.0,1246.5342423345642,21238.37353,109.0,570.0,0.0002387940883636,0.3267789584288739,14.187602996826172,262.72608416373527,4.349588158837453,1,-1.0,-1.0,0,0,1,6,1,73.7,100.0,10
cotonou_2281,31.5,68.0,230.0,13.0,1012.0,162.48383938758232,21238.37353,109.0,570.0,0.0020287483930587,0.1921673211174125,14.003662109375,267.3297728999952,30.31273369326625,1,-1.0,-1.0,0,0,5,10,1,67.0,100.0,10
cotonou_2363,31.5,68.0,230.0,13.0,1012.0,977.3077257049632,21238.37353,109.0,570.0,0.0012742485318865,0.4798314731168659,15.035852909088137,84.49607538301166,5.491874389033523,1,-1.0,-1.0,0,0,2,5,1,70.9,100.0,10
cotonou_2321,31.5,68.0,230.0,13.0,1012.0,477.2673574488995,21238.37353,109.0,570.0,0.0009080442100564,0.156089875083052,14.090419292449951,100.45291538118228,11.247136142582544,1,-1.0,-1.0,0,0,0,0,1,75.4,100.0,10
cotonou_342,32.0,63.0,210.0,14.8,1011.0,1567.5863468873292,21238.37353,109.0,570.0,-0.000167924246922,0.548535109316944,13.444520950317385,351.0970650193944,3.488266894513928,1,-1.0,-1.0,0,0,3,8,1,66.0,100.0,10
cotonou_343,32.0,63.0,210.0,14.8,1011.0,1868.591484507648,21238.37353,109.0,570.0,-0.0004606239403722,0.601825064296995,13.255958795547484,352.54056494714746,2.933191300067402,1,-1.0,-1.0,0,0,3,11,1,69.0,100.0,10
cotonou_351,32.0,63.0,210.0,14.8,1011.0,1864.632881121097,21238.37353,109.0,570.0,-0.0005669315774315,0.6817638780284493,12.77996587753296,348.0669234057257,2.953995026732875,1,-1.0,-1.0,0,0,0,16,1,68.2,100.0,10
cotonou_352,32.0,63.0,210.0,14.8,1011.0,1903.6547931908897,21238.37353,109.0,570.0,-0.0005791064464684,0.6203120159701435,12.897931098937988,338.4123389845741,2.890005324777959,1,-1.0,-1.0,0,0,2,10,1,73.4,100.0,10
cotonou_362,32.0,63.0,210.0,16.6,1010.0,2133.3515039050267,21238.37353,109.0,570.0,-0.0004107036293328,0.5865269374670157,12.96994972229004,321.89918231184487,2.577355348061517,1,-1.0,-1.0,0,0,3,13,1,70.8,100.0,10
cotonou_363,32.0,63.0,210.0,16.6,1010.0,2242.2083007773217,21238.37353,109.0,570.0,-0.0005241045188078,0.5770539946464132,12.700530290603638,327.94606833374064,2.459256092023098,1,-1.0,-1.0,0,0,2,4,1,61.2,100.0,10
cotonou_373,32.0,63.0,210.0,16.6,1010.0,2443.1425832004684,21238.37353,109.0,570.0,-0.000651853235941,0.8907281569137181,12.157124280929564,312.81942311122515,2.269939034491846,1,-1.0,-1.0,0,0,5,11,1,67.2,100.0,10
cotonou_372,32.0,63.0,210.0,16.6,1010.0,2304.4553489697555,21238.37353,109.0,570.0,-0.0006662708797535,0.7603450078155498,12.344685554504396,318.6690040309697,2.401737818316058,1,-1.0,-1.0,0,0,6,9,1,62.3,100.0,10
cotonou_371,33.0,67.0,200.0,18.4,1012.0,2392.526817876094,21238.37353,109.0,570.0,-0.0007717451822782,0.7785373349187322,11.931247353553772,324.5844189758815,2.323309911781513,1,-1.0,-1.0,0,0,0,4,1,86.3,100.0,10
cotonou_381,33.0,67.0,200.0,18.4,1012.0,2519.916269417303,21238.37353,109.0,570.0,-0.0006997092739758,0.8322413047341666,11.931666493415833,325.77999203484774,2.205969114958835,1,-1.0,-1.0,0,0,2,9,1,84.9,100.0,10
cotonou_382,33.0,67.0,190.0,20.5,1010.0,2789.366948284137,21238.37353,109.0,570.0,-0.0006191874942788,0.9314494492274372,11.944288969039915,326.3437879123547,1.992796284566121,1,-1.0,-1.0,0,0,0,4,1,73.3,100.0,10
cotonou_383,33.0,67.0,190.0,20.5,1010.0,2755.761384973076,21238.37353,109.0,570.0,-0.0005152521403968,0.8487889199755515,12.26429295539856,331.57629303288974,2.010432723395099,1,-1.0,-1.0,0,0,1,5,1,81.4,100.0,10
cotonou_391,33.0,67.0,190.0,20.5,1010.0,2397.237066516662,21238.37353,109.0,570.0,-0.000528773575805,0.752024599596548,12.363491773605348,332.67924043203925,2.3084357748782307,1,-1.0,-1.0,0,0,1,5,1,82.1,100.0,10
cotonou_393,33.0,67.0,190.0,20.5,1010.0,2281.672451781737,21238.37353,109.0,570.0,-0.0007534375028218,0.9615168633451768,11.929412126541138,339.99396001276114,2.4361003837186064,1,-1.0,-1.0,0,0,0,1,1,83.2,100.0,10
cotonou_392,31.7,72.0,200.0,14.8,1010.3,2596.929267799413,21238.37353,109.0,570.0,-0.0005002430555329,1.070994577299552,12.101269483566284,339.52928307892944,2.1368752651774363,1,-1.0,-1.0,0,0,2,4,1,76.9,100.0,10
cotonou_3101,31.7,72.0,200.0,14.8,1010.3,2461.2891382467865,21238.37353,109.0,570.0,-0.0006952386999887,1.052655240428394,11.942442655563354,346.81341536268167,2.258210358054649,1,-1.0,-1.0,0,0,0,5,1,87.9,100.0,10
cotonou_3102,31.7,72.0,200.0,14.8,1010.3,2091.66607307581,21238.37353,109.0,570.0,-0.0008232993970863,0.8657620007297823,12.09377384185791,343.35951875637244,2.652598507800038,1,-1.0,-1.0,0,0,0,1,1,86.5,100.0,10
cotonou_3103,31.7,72.0,200.0,14.8,1010.3,2248.68311861198,21238.37353,109.0,570.0,-0.0007647510450236,0.9373383632869612,11.974279999732971,351.9721520057031,2.470654122380948,1,-1.0,-1.0,0,0,0,1,1,87.4,100.0,10
cotonou_3111,32.0,75.0,200.0,20.5,1010.0,2323.444540825501,21238.37353,109.0,570.0,-0.0006795404354731,0.8858659271681361,12.120327234268188,358.43599708227816,2.387654512523061,1,-1.0,-1.0,0,0,1,2,1,86.5,100.0,10
cotonou_3112,32.0,75.0,200.0,20.5,1010.0,2105.6499561479964,21238.37353,109.0,570.0,-0.0002773868966657,0.5829756396543426,13.214202880859377,4.829730025900801,2.6045834493377087,1,-1.0,-1.0,0,0,2,1,1,75.5,100.0,10
cotonou_3113,32.0,75.0,200.0,20.5,1010.0,1942.307200931934,21238.37353,109.0,570.0,-0.0004125854238086,0.5440243108539052,13.184560775756836,359.2640281584011,2.824153444848923,1,-1.0,-1.0,0,0,1,6,1,86.2,100.0,10
cotonou_3123,32.0,75.0,200.0,20.5,1010.0,1894.0214471908785,21238.37353,109.0,570.0,0.0001610459411163,0.4460530034419209,14.044882774353027,9.025504765803134,2.870071085935269,1,-1.0,-1.0,0,0,6,7,1,68.0,100.0,10
cotonou_3121,31.0,75.0,200.0,16.6,1010.0,2299.242381964589,21238.37353,109.0,570.0,-0.0002729528518295,0.4815634960781795,13.488353490829468,11.985065818646149,2.378726915761028,1,-1.0,-1.0,0,0,1,2,1,80.8,100.0,10
cotonou_3122,31.0,75.0,200.0,16.6,1010.0,2105.8606238800617,21238.37353,109.0,570.0,0.0003621600382251,0.3903994069403113,14.40135145187378,19.09286241438099,2.572089444880743,1,-1.0,-1.0,0,0,2,11,1,77.5,100.0,10
cotonou_3131,31.0,75.0,200.0,16.6,1010.0,2335.684565586858,21238.37353,109.0,570.0,0.0003292279442151,0.394600422994027,14.502751350402832,27.87896405760216,2.3168121093222385,1,-1.0,-1.0,0,0,0,14,1,66.9,100.0,10
cotonou_3141,31.0,75.0,200.0,16.6,1010.0,2406.357529470593,21238.37353,109.0,570.0,0.0002209749648241,0.419192685759717,14.237871646881104,32.13098616758663,2.2551370369246952,1,-1.0,-1.0,0,0,0,6,1,67.0,100.0,10
kandi_2342,31.0,31.0,80.0,11.2,1011.0,2714.1226424035035,7079.457844,427.0,538.0,-0.0103376928623431,9.297012790896476,305.36041259765625,264.9052313489729,2.5661236690465645,1,-1.0,-1.0,0,0,0,5,0,85.1,100.0,10
kandi_2293,31.0,31.0,80.0,11.2,1011.0,2767.1302532737536,7079.457844,427.0,538.0,-0.0100228330005635,9.026721943967727,305.6648254394531,262.3594798365735,2.5107394107093466,1,-1.0,-1.0,0,0,2,2,0,88.4,100.0,10
kandi_2292,31.0,31.0,80.0,11.2,1011.0,2937.8822248985766,7079.457844,427.0,538.0,-0.0106983032226562,9.881341849272632,302.19903564453125,265.686523369953,2.432456944270714,1,-1.0,-1.0,0,0,3,5,0,88.3,100.0,10
kandi_2291,31.0,31.0,80.0,11.2,1011.0,3010.1199099114688,7079.457844,427.0,538.0,-0.0100002864643985,9.61841785077803,303.1628723144531,263.34403170507744,2.355834992760303,1,-1.0,-1.0,0,0,3,3,0,87.2,100.0,10
kandi_2302,31.0,31.0,80.0,11.2,1011.0,3207.735705997152,7079.457844,427.0,538.0,-0.0097960585847907,10.84568205277555,301.06451416015625,268.8772096412924,2.248273764829623,1,-1.0,-1.0,0,0,0,0,0,82.0,100.0,10
kandi_2303,31.5,32.0,75.0,15.1,1011.5,3310.4099256745108,7079.457844,427.0,538.0,-0.0093075669535142,10.706566970180056,301.6587829589844,267.6398590449044,2.1683398928274795,1,-1.0,-1.0,0,0,0,0,0,80.5,100.0,10
kandi_2301,31.5,32.0,75.0,15.1,1011.5,3469.299637380152,7079.457844,427.0,538.0,-0.0081200234022672,11.186152189407878,303.32891845703125,272.05177082334905,2.0415739942385,1,-1.0,-1.0,0,0,0,0,0,84.4,100.0,10
kandi_2253,31.5,32.0,75.0,15.1,1011.5,3530.1118397457703,7079.457844,427.0,538.0,-0.0078521523837196,11.010155507766443,303.6345520019531,270.4807789935154,2.0014788492274787,1,-1.0,-1.0,0,0,0,0,0,81.6,100.0,10
kandi_2241,33.2,27.0,75.0,15.8,1010.6,3357.2057773606152,7079.457844,427.0,538.0,-0.0086105479055082,9.93577625865034,303.0893249511719,261.371844727705,2.113763049918582,1,-1.0,-1.0,0,0,0,1,0,88.5,100.0,10
kandi_2242,33.2,27.0,75.0,15.8,1010.6,3312.4709468842548,7079.457844,427.0,538.0,-0.0087535216745022,9.622268139408096,303.2234191894531,259.5250013158279,2.1399667525888213,1,-1.0,-1.0,0,0,1,1,0,78.9,100.0,10
kandi_2243,33.2,27.0,75.0,15.8,1010.6,3262.163311689528,7079.457844,427.0,538.0,-0.008363356031813,8.956841949577415,305.4232482910156,256.8600190633319,2.134354319970185,1,-1.0,-1.0,0,0,0,0,0,85.9,100.0,10
kandi_2181,33.2,27.0,75.0,15.8,1010.6,3643.3192769417424,7079.457844,427.0,538.0,-0.0054757275506059,8.067902986706626,310.0433654785156,251.234429713264,1.8386588117584457,1,-1.0,-1.0,0,0,0,0,0,85.3,100.0,10
kandi_2182,36.4,21.0,100.0,14.8,1008.9,3781.954915501304,7079.457844,427.0,538.0,-0.0052013560614401,7.314232208012252,312.9627685546875,248.0951363839303,1.7271154988291209,1,-1.0,-1.0,0,0,0,0,0,85.9,100.0,10
kandi_2183,36.4,21.0,100.0,14.8,1008.9,3812.30967862076,7079.457844,427.0,538.0,-0.0055063225803066,8.001805409855555,311.2240295410156,250.9498457689918,1.7394799653828017,1,-1.0,-1.0,0,0,0,0,0,87.9,100.0,10
kandi_2191,35.2,25.0,75.0,18.4,1008.5,3827.405540363539,7079.457844,427.0,538.0,-0.0058977019481169,9.155606104685235,309.86199951171875,257.0713956298096,1.7529939442104794,1,-1.0,-1.0,0,0,0,7,0,83.2,100.0,10
kandi_2192,35.2,25.0,75.0,18.4,1008.5,4024.565135154779,7079.457844,427.0,538.0,-0.005732584490739,9.100241036861537,310.506103515625,257.6500376405827,1.658004083396158,1,-1.0,-1.0,0,0,3,10,0,77.9,100.0,10
kandi_2151,35.2,25.0,75.0,18.4,1008.5,4151.11410811368,7079.457844,427.0,538.0,-0.0056314087520632,9.39093542457855,309.3080139160156,259.3164125947923,1.6240093549675398,1,-1.0,-1.0,0,0,0,1,0,87.2,100.0,10
kandi_2203,35.2,25.0,75.0,18.4,1008.5,3994.722657818043,7079.457844,427.0,538.0,-0.0063283073004333,9.86466173596194,307.09423828125,263.40089968804847,1.719276294186611,1,-1.0,-1.0,0,0,0,0,0,86.1,100.0,10
kandi_2201,35.3,25.0,76.0,17.3,1007.6,4170.340921313304,7079.457844,427.0,538.0,-0.0050239436733525,9.99172322022274,311.8982849121094,266.1064366449982,1.5809663543859906,1,-1.0,-1.0,0,0,0,0,0,77.7,100.0,10
kandi_312,35.3,25.0,76.0,17.3,1007.6,4493.878813335229,7079.457844,427.0,538.0,-0.0029741856089809,9.912144290166966,317.71356201171875,268.80300997827874,1.3930989125834523,1,-1.0,-1.0,0,0,0,0,0,80.3,100.0,10
kandi_2331,36.2,24.0,60.0,11.2,1006.9,2434.8068930240865,7079.457844,427.0,538.0,-0.0084559215442779,6.695350896777484,313.1953125,254.1245035363147,2.6760997169393512,1,-1.0,-1.0,0,0,1,1,0,89.4,100.0,10
kandi_2332,36.2,24.0,60.0,11.2,1006.9,2433.7529923873653,7079.457844,427.0,538.0,-0.0078334707245447,6.113905981902266,313.6319885253906,252.2309858130121,2.6669989277195,1,-1.0,-1.0,0,0,0,3,0,83.9,100.0,10
kandi_2321,36.2,24.0,60.0,11.2,1006.9,2287.780688958663,7079.457844,427.0,538.0,-0.0074802792492963,5.405712734009574,316.4075012207031,250.5263691695569,2.7675531380417646,1,-1.0,-1.0,0,0,0,0,0,88.7,100.0,10
kandi_2322,33.3,38.0,28.0,15.5,1007.0,2098.5779820855614,7079.457844,427.0,538.0,-0.0062363236038773,4.589370673099651,320.15740966796875,248.6591471383075,2.914520513093631,1,-1.0,-1.0,0,0,2,5,0,90.0,100.0,10
kandi_2323,33.3,38.0,28.0,15.5,1007.0,2298.064960628913,7079.457844,427.0,538.0,-0.005327852328613,4.019644006213343,321.8495178222656,243.73613047803389,2.619803946315729,1,-1.0,-1.0,0,0,0,0,0,89.9,100.0,10
kandi_2311,33.3,38.0,28.0,15.5,1007.0,2085.2846103242578,7079.457844,427.0,538.0,-0.0035073739510995,3.469061900080744,327.1014709472656,238.8885443881352,2.742738980348048,1,-1.0,-1.0,0,0,0,2,0,90.0,100.0,10
kandi_2313,30.3,45.0,32.0,11.2,1007.8,2255.614965736236,7079.457844,427.0,538.0,-0.0019359427627405,3.1732384656375303,329.192626953125,234.03308411417,2.482888908977721,1,-1.0,-1.0,0,0,0,0,0,90.3,100.0,10
kandi_2262,30.3,45.0,32.0,11.2,1007.8,2506.978394240693,7079.457844,427.0,538.0,-0.0004900436992793,3.0309569372833765,331.7012939453125,234.65246753257176,2.17695769033585,1,-1.0,-1.0,0,0,0,9,0,85.8,100.0,10
kandi_2263,30.3,45.0,32.0,11.2,1007.8,2615.1874043081675,7079.457844,427.0,538.0,-0.0014735989802785,2.965559555641441,329.97186279296875,235.1864009562608,2.124801449657598,1,-1.0,-1.0,0,0,0,11,0,82.3,100.0,10
kandi_2261,30.3,45.0,32.0,11.2,1007.8,2441.348544402286,7079.457844,427.0,538.0,-0.0022983853779141,3.29833224815493,328.6124572753906,237.526385319858,2.30779914465827,1,-1.0,-1.0,0,0,1,3,0,89.0,100.0,10
kandi_2271,31.0,43.0,40.0,3.6,1008.2,2560.3406951156862,7079.457844,427.0,538.0,-0.0042172728252543,3.664785363140143,322.14801025390625,240.29087316587783,2.345086904270377,1,-1.0,-1.0,0,0,0,0,0,90.3,100.0,10
kandi_2272,31.0,43.0,40.0,3.6,1008.2,2715.985805883374,7079.457844,427.0,538.0,-0.0042672106014784,4.097817683672582,322.1593017578125,241.58561441782365,2.210596466656809,1,-1.0,-1.0,0,0,1,0,0,88.7,100.0,10
kandi_2211,31.0,43.0,40.0,3.6,1008.2,2953.671087105545,7079.457844,427.0,538.0,-0.0032249324785994,3.309163258795396,323.8318176269531,236.78880792662653,2.0004594704949583,1,-1.0,-1.0,0,0,0,0,0,86.1,100.0,10
kandi_2212,31.0,43.0,40.0,3.6,1008.2,3087.9699629549964,7079.457844,427.0,538.0,-0.0020423700044971,3.1528821107577985,325.29180908203125,235.435846564308,1.8864640000243456,1,-1.0,-1.0,0,0,0,0,0,88.1,100.0,10
kandi_2273,28.3,38.0,34.0,17.3,1009.3,2727.1312465143023,7079.457844,427.0,538.0,-0.0069082827550963,5.549808723286908,314.2488708496094,247.0387892186301,2.3675012823699606,1,-1.0,-1.0,0,0,0,0,0,87.3,100.0,10
kandi_2281,28.3,38.0,34.0,17.3,1009.3,2742.7045324364176,7079.457844,427.0,538.0,-0.0081694149801917,6.964693302682467,310.72576904296875,252.80932503079583,2.427543984044323,1,-1.0,-1.0,0,0,0,6,0,87.4,100.0,10
kandi_2131,26.1,45.0,70.0,11.9,1012.3,4047.2506926458223,7079.457844,427.0,538.0,-0.003891119999391,7.50940436477569,316.3317565917969,249.438686128932,1.5663086190041295,1,-1.0,-1.0,0,0,0,0,0,82.3,100.0,10
kandi_2132,26.1,45.0,70.0,11.9,1012.3,4355.737350179655,7079.457844,427.0,538.0,-0.0031373177526218,6.96476733341749,319.22723388671875,248.18009213171428,1.4173639296440643,1,-1.0,-1.0,0,0,0,0,0,86.2,100.0,10
kandi_2133,31.5,29.0,60.0,14.8,1011.4,4279.210085572276,7079.457844,427.0,538.0,-0.0031486213070222,6.877946923425576,318.7450866699219,246.72370168837296,1.449152262930418,1,-1.0,-1.0,0,0,0,0,0,89.2,100.0,10
kandi_281,31.5,29.0,60.0,14.8,1011.4,4723.953708675047,7079.457844,427.0,538.0,-0.0023640378316243,6.385887690937508,321.3190612792969,244.4481366637147,1.281566734915346,1,-1.0,-1.0,0,0,0,0,0,88.3,100.0,10
kandi_271,31.5,29.0,60.0,14.8,1011.4,4392.970981586217,7079.457844,427.0,538.0,-0.0030358299579663,5.356151314743558,318.39776611328125,239.08927096977243,1.4161674373418416,1,-1.0,-1.0,0,0,0,0,0,84.2,100.0,10
kandi_2112,31.5,29.0,60.0,14.8,1011.4,4018.645132311055,7079.457844,427.0,538.0,-0.0024902194154028,3.750415134091958,322.54766845703125,233.9009415350952,1.4888924990036243,1,-1.0,-1.0,0,0,0,0,0,82.2,100.0,10
kandi_2113,31.5,29.0,60.0,14.8,1011.4,4216.252561241271,7079.457844,427.0,538.0,-0.0012823605207945,3.5985879487607337,325.16046142578125,232.39537526613657,1.3836555845372378,1,-1.0,-1.0,0,0,0,0,0,83.5,100.0,10
kandi_2111,31.4,32.0,75.0,16.2,1012.0,3865.638984863225,7079.457844,427.0,538.0,-0.0031310569239026,3.849755990280588,321.1620788574219,235.4053249360694,1.5683181110207762,1,-1.0,-1.0,0,0,0,0,0,83.6,100.0,10
kandi_2161,31.4,32.0,75.0,16.2,1012.0,3592.913966330701,7079.457844,427.0,538.0,-0.0034099989969672,3.601251539659654,324.66180419921875,235.93122602640216,1.6315341332410365,1,-1.0,-1.0,0,0,0,1,0,80.7,100.0,10
kandi_2163,31.4,32.0,75.0,16.2,1012.0,3391.6477727487786,7079.457844,427.0,538.0,-0.0014924021257212,3.0424136725128275,328.413818359375,231.3247350379341,1.6649671384175737,1,-1.0,-1.0,0,0,0,0,0,86.3,100.0,10
kandi_2213,33.4,23.0,80.0,18.4,1011.3,3126.0674178614045,7079.457844,427.0,538.0,-0.0013263630417158,2.982812653684855,330.03228759765625,231.4942409354205,1.7766922601843609,1,-1.0,-1.0,0,0,0,0,0,86.8,100.0,10
kandi_2223,33.4,23.0,80.0,18.4,1011.3,2843.728635458225,7079.457844,427.0,538.0,-0.0040191965004832,3.757682751343698,321.8601379394531,239.4225975267132,2.117405867746188,1,-1.0,-1.0,0,0,0,0,0,88.6,100.0,10
kandi_2222,33.4,23.0,80.0,18.4,1011.3,3023.968865083575,7079.457844,427.0,538.0,-0.0039573101549858,3.928917470432187,320.7805480957031,239.16634861047976,2.011735381609821,1,-1.0,-1.0,0,0,0,0,0,81.5,100.0,10
kandi_2282,35.5,22.0,100.0,11.2,1009.7,2928.557421166364,7079.457844,427.0,538.0,-0.0086455993652343,7.666577579430702,307.60235595703125,253.8169063830667,2.334662946219475,0,-1.0,2729.016434553826,0,5,1,3,0,89.2,100.0,10
kandi_2283,35.5,22.0,100.0,11.2,1009.7,2661.230959666936,7079.457844,427.0,538.0,-0.0090701372195512,7.926153366232514,308.81549072265625,257.47573259151966,2.5428184663744093,1,-1.0,-1.0,0,0,1,1,0,88.4,100.0,10
kandi_2341,35.5,22.0,100.0,11.2,1009.7,2731.9452672462444,7079.457844,427.0,538.0,-0.0119208004648253,10.18115827864752,302.5604248046875,269.7549077963009,2.608008916276649,1,-1.0,-1.0,0,0,2,4,0,88.6,100.0,10
kandi_2392,35.5,22.0,100.0,11.2,1009.7,2605.54525250303,7079.457844,427.0,538.0,-0.0125138088643887,10.577885516429674,301.5343322753906,274.3158879792371,2.756852805503752,0,2495.8930474878725,2511.5576482043234,3,5,1,5,0,79.1,100.0,10
kandi_2393,35.3,21.0,79.0,20.2,1008.9,2506.60808808959,7079.457844,427.0,538.0,-0.0137490433941253,11.062910200657583,300.630126953125,277.1814462553922,2.886105545564505,1,-1.0,-1.0,0,0,3,3,0,79.8,100.0,10
kandi_2403,35.3,21.0,79.0,20.2,1008.9,2697.291606183348,7079.457844,427.0,538.0,-0.012949956754689,11.464877882489414,298.79669189453125,277.219580328282,2.721242463551265,1,-1.0,-1.0,0,0,1,8,0,83.3,100.0,10
kandi_2352,35.3,21.0,79.0,20.2,1008.9,2883.331928897945,7079.457844,427.0,538.0,-0.0121519023869313,11.32192078551134,297.8869934082031,274.6622543642852,2.5639406020262325,1,-1.0,-1.0,0,0,3,6,0,81.1,100.0,10
kandi_2351,35.7,22.0,60.0,14.8,1008.1,3134.278280022322,7079.457844,427.0,538.0,-0.0100895486516744,12.017483855106809,299.1886291503906,276.701060465195,2.3351458830362186,1,-1.0,-1.0,0,0,0,3,0,81.0,100.0,10
kandi_2402,35.7,22.0,60.0,14.8,1008.1,2941.311294843972,7079.457844,427.0,538.0,-0.0120430603027343,12.053429400705346,297.0,278.28011359923335,2.530710346894157,1,-1.0,-1.0,0,0,0,3,0,87.2,100.0,10
kandi_2401,33.0,34.0,28.0,16.2,1007.9,3024.005235144669,7079.457844,427.0,538.0,-0.0113860985221986,12.37162788121533,297.86395263671875,281.2391144952557,2.445252986664365,1,-1.0,-1.0,0,0,4,10,0,82.6,100.0,10
kandi_3162,33.0,34.0,28.0,16.2,1007.9,3259.533401309242,7079.457844,427.0,538.0,-0.0107775988879504,13.002718870040374,297.7160949707031,286.6138605446496,2.271350057975047,1,-1.0,-1.0,0,0,2,2,0,84.8,100.0,10
kandi_3161,33.0,34.0,28.0,16.2,1007.9,3278.4245745773865,7079.457844,427.0,538.0,-0.0112752737391381,13.347907907204116,295.9454345703125,289.7446525268338,2.2891719618842226,1,-1.0,-1.0,0,0,0,7,0,77.4,100.0,10
kandi_3163,33.0,34.0,28.0,16.2,1007.9,3527.986655811685,7079.457844,427.0,538.0,-0.0103297593858506,13.074611082944855,296.3090515136719,287.3885973324462,2.12149821735857,1,-1.0,-1.0,0,0,2,1,0,82.4,100.0,10
kandi_3171,30.0,38.0,28.0,18.0,1008.6,3642.717200775422,7079.457844,427.0,538.0,-0.0101676448698966,13.277908792303204,295.2294616699219,288.58671412528065,2.0716966961111445,1,-1.0,-1.0,0,0,2,5,0,84.7,100.0,10
kandi_3121,30.0,38.0,28.0,18.0,1008.6,3790.7935132172297,7079.457844,427.0,538.0,-0.0093651074658981,12.896888959123492,297.1423645019531,286.39554045534896,1.961960242355383,1,-1.0,-1.0,0,0,0,9,0,86.0,100.0,10
kandi_3123,30.0,38.0,28.0,18.0,1008.6,4151.70379867953,7079.457844,427.0,538.0,-0.0077784905760564,12.56089625806202,299.8443908691406,286.01989853912227,1.7542684572766245,1,-1.0,-1.0,0,0,0,0,0,87.5,100.0,10
kandi_3131,30.4,39.0,60.0,7.6,1009.9,4233.832372028333,7079.457844,427.0,538.0,-0.0077395494723375,12.988110405133057,299.9050598144531,288.64566557787964,1.7194392360128044,1,-1.0,-1.0,0,0,1,0,0,85.4,100.0,10
kandi_3132,30.4,39.0,60.0,7.6,1009.9,4423.515090195205,7079.457844,427.0,538.0,-0.0073478257921006,12.812152656477425,300.4395446777344,288.896667280366,1.6388329542333804,1,-1.0,-1.0,0,0,0,1,0,82.8,100.0,10
kandi_383,30.4,39.0,60.0,7.6,1009.9,4589.72441766173,7079.457844,427.0,538.0,-0.0074266856203797,12.428868829112856,299.0011901855469,287.57687745877,1.597457826475776,1,-1.0,-1.0,0,0,0,0,0,86.4,100.0,10
kandi_3141,30.4,39.0,60.0,7.6,1009.9,4762.952306336287,7079.457844,427.0,538.0,-0.008014364617705,12.852516777965246,295.27593994140625,291.51994692654995,1.584166484442045,0,-1.0,4572.05241429876,0,6,0,3,0,78.5,100.0,10
kandi_3142,30.4,39.0,60.0,7.6,1009.9,4683.488588276736,7079.457844,427.0,538.0,-0.0087377147029762,13.335750200036715,293.1443786621094,294.95161277244387,1.6370862967066946,0,-1.0,4392.530379385796,0,3,0,0,0,82.2,100.0,10
kandi_3192,26.8,36.0,58.0,15.8,1010.5,4484.791135271948,7079.457844,427.0,538.0,-0.008523238332648,13.456946960366906,294.3863220214844,295.86719112070864,1.6937222836377293,0,-1.0,4349.977774492229,0,1,0,0,0,85.5,100.0,10
kandi_3183,26.8,36.0,58.0,15.8,1010.5,4277.933219032229,7079.457844,427.0,538.0,-0.0066347611774699,13.559861881237794,300.1780090332031,295.5397605753109,1.6980716782823386,1,-1.0,-1.0,0,0,0,0,0,83.1,100.0,10
kandi_3133,26.8,36.0,58.0,15.8,1010.5,4173.879433965739,7079.457844,427.0,538.0,-0.0080197837911601,13.450681382505325,298.92486572265625,291.80194098425466,1.7575646239366376,1,-1.0,-1.0,0,0,0,2,0,79.8,100.0,10
kandi_3122,26.8,36.0,58.0,15.8,1010.5,3854.419078123312,7079.457844,427.0,538.0,-0.0084498980573115,12.329408673828585,299.6513671875,283.38291453673486,1.8923437657874425,1,-1.0,-1.0,0,0,3,5,0,85.7,100.0,10
kandi_3111,26.8,36.0,58.0,15.8,1010.5,3795.265567857472,7079.457844,427.0,538.0,-0.0085973143269541,12.244931544242007,299.76885986328125,282.6641836271444,1.920044385719217,1,-1.0,-1.0,0,0,3,3,0,80.8,100.0,10
kandi_3112,25.9,36.0,63.0,14.4,1011.3,3874.537232980369,7079.457844,427.0,538.0,-0.007688262536352,11.802814745670604,302.2245178222656,280.16992202938,1.8445141150820936,1,-1.0,-1.0,0,0,0,4,0,74.6,100.0,10
kandi_3211,25.1,38.0,70.0,13.7,1012.7,2998.546672278428,7079.457844,427.0,538.0,-0.0123353352381303,13.353715752738978,294.7928466796875,292.5884804479416,2.5245593944266416,1,-1.0,-1.0,0,0,2,12,0,84.2,100.0,10
kandi_3212,25.1,38.0,70.0,13.7,1012.7,2889.460917250216,7079.457844,427.0,538.0,-0.0134681177932497,13.26295413676504,293.5463562011719,295.4231612198329,2.644403479094613,1,-1.0,-1.0,0,0,1,5,0,84.5,100.0,10
kandi_3213,25.1,38.0,70.0,13.7,1012.7,3186.3581135739146,7079.457844,427.0,538.0,-0.0121491353658602,13.72045825941015,294.0771179199219,296.0520483933608,2.388779485787326,1,-1.0,-1.0,0,0,2,9,0,85.1,100.0,10
kandi_3221,25.1,38.0,70.0,13.7,1012.7,3224.2756022063813,7079.457844,427.0,538.0,-0.0121768835819128,13.84235680537418,293.26934814453125,299.18818719309894,2.3750490719943524,1,-1.0,-1.0,0,0,3,4,0,83.4,100.0,10
kandi_3223,30.2,23.0,100.0,18.4,1012.1,3616.865982864416,7079.457844,427.0,538.0,-0.0113907397924076,14.10662328479344,291.5671081542969,296.85651288818474,2.1444282195419264,1,-1.0,-1.0,0,0,1,0,0,85.4,100.0,10
kandi_3172,30.2,23.0,100.0,18.4,1012.1,3504.231214159425,7079.457844,427.0,538.0,-0.0112606785878413,13.675407519500627,293.26043701171875,292.10583220930414,2.185642111592205,1,-1.0,-1.0,0,0,0,2,0,80.0,100.0,10
kandi_3173,30.2,23.0,100.0,18.4,1012.1,3755.51846749409,7079.457844,427.0,538.0,-0.0103207769195277,13.818764303434415,293.5622863769531,293.17027214560494,2.034926196366005,1,-1.0,-1.0,0,0,0,0,0,87.2,100.0,10
kandi_3181,30.2,23.0,100.0,18.4,1012.1,4051.839028514056,7079.457844,427.0,538.0,-0.0085575578960616,13.751163892574512,296.9307861328125,294.35686699337344,1.838636392697168,1,-1.0,-1.0,0,0,0,0,0,85.2,100.0,10
kandi_3182,30.2,23.0,100.0,18.4,1012.1,3968.85503398732,7079.457844,427.0,538.0,-0.0093209728372092,14.094480541515958,295.4350280761719,297.3062536214432,1.8986227051635765,1,-1.0,-1.0,0,0,0,0,0,84.6,100.0,10
kandi_3191,30.2,29.0,65.0,16.6,1012.8,4401.813112097431,7079.457844,427.0,538.0,-0.0088887293746263,13.535948068382178,296.3121643066406,296.5034271681429,1.7005861641115885,0,-1.0,4295.957886956811,0,2,0,1,0,82.9,100.0,10
kandi_3201,30.2,29.0,65.0,16.6,1012.8,4729.261666273514,7079.457844,427.0,538.0,-0.0093143590291341,13.786147133575888,289.2297058105469,300.7044596059533,1.668637755724199,0,-1.0,4132.180534058621,0,3,0,0,0,81.8,100.0,10
kandi_3202,30.2,29.0,65.0,16.6,1012.8,5023.797727964555,7079.457844,427.0,538.0,-0.0092987299900428,14.364250550397632,285.6297607421875,301.94230419251977,1.6118843742101685,1,-1.0,-1.0,0,0,0,0,0,77.3,100.0,10
kandi_3203,30.2,29.0,65.0,16.6,1012.8,4602.856574812794,7079.457844,427.0,538.0,-0.0092529231666499,14.020855717223768,290.6612548828125,301.6399401009108,1.696631468918553,0,-1.0,4261.562600327677,0,1,0,1,0,75.9,100.0,10
kandi_3243,30.2,29.0,65.0,16.6,1012.8,4495.1766171760055,7079.457844,427.0,538.0,-0.009290916041324,14.359045767750784,290.9873962402344,303.25893741786194,1.7330957027301934,1,-1.0,-1.0,0,0,0,0,0,81.4,100.0,10
kandi_3241,32.0,21.0,67.0,18.4,1011.9,4143.253368201137,7079.457844,427.0,538.0,-0.0100025794619605,14.426103613944312,291.1293334960937,303.50935867754225,1.8782406653180383,1,-1.0,-1.0,0,0,0,1,0,81.8,100.0,10
kandi_3232,32.0,21.0,67.0,18.4,1011.9,3730.123600041676,7079.457844,427.0,538.0,-0.0109345629248757,14.222418207664427,291.42852783203125,298.8012539744981,2.081500897154505,1,-1.0,-1.0,0,0,0,0,0,83.8,100.0,10
kandi_3231,32.0,21.0,67.0,18.4,1011.9,3837.1694637689934,7079.457844,427.0,538.0,-0.0102229862542922,14.261681637536192,291.59442138671875,300.3348402932163,2.021008039344402,1,-1.0,-1.0,0,0,0,0,0,78.6,100.0,10
kandi_3222,34.2,16.0,100.0,18.4,1010.2,3464.294321200992,7079.457844,427.0,538.0,-0.0117224589232748,14.029892076265169,292.2214660644531,300.2584601386093,2.227971369442019,1,-1.0,-1.0,0,0,0,8,0,83.4,100.0,10
kandi_3271,34.2,16.0,100.0,18.4,1010.2,3366.8430134901496,7079.457844,427.0,538.0,-0.0118412946702404,14.024788582107808,292.995849609375,303.7514091942579,2.2792336394153923,1,-1.0,-1.0,0,0,0,1,0,79.7,100.0,10
kandi_3272,34.2,16.0,100.0,18.4,1010.2,3131.772954776959,7079.457844,427.0,538.0,-0.0130957772798627,13.860161055876992,291.2506408691406,306.43595126243554,2.4819805796187766,1,-1.0,-1.0,0,0,0,0,0,85.3,100.0,10
kandi_3261,33.4,16.0,49.0,20.9,1010.0,2876.601920668425,7079.457844,427.0,538.0,-0.013148784999118,13.556195817465928,292.1543884277344,304.4194707487025,2.683872474294355,1,-1.0,-1.0,0,0,0,1,0,76.8,100.0,10
kandi_3263,33.4,16.0,49.0,20.9,1010.0,2644.342623950768,7079.457844,427.0,538.0,-0.0152016087310298,12.830930240533542,292.2830810546875,299.99950491246744,2.9164312561985457,1,-1.0,-1.0,0,0,2,5,0,87.6,100.0,10
kandi_3262,33.4,16.0,49.0,20.9,1010.0,2504.09713200495,7079.457844,427.0,538.0,-0.0189721545313925,12.21252889314854,295.0847473144531,305.9522524088359,3.015540824604484,1,-1.0,-1.0,0,0,2,7,0,83.2,100.0,10
kandi_3312,33.2,16.0,42.0,22.0,1009.3,2573.101840433677,7079.457844,427.0,538.0,-0.0136939548709183,11.525181601588674,297.9432678222656,311.58822899241943,2.8713262564909496,1,-1.0,-1.0,0,0,0,12,0,81.5,100.0,10
kandi_363,34.3,13.0,100.0,18.4,1008.8,3731.826534140855,7079.457844,427.0,538.0,-0.0069647360974409,11.184361441301972,305.7439270019531,274.9045573986924,1.8610237541392896,1,-1.0,-1.0,0,0,0,3,0,82.1,100.0,10
kandi_3113,30.7,25.0,24.0,16.6,1009.0,3588.1727537116217,7079.457844,427.0,538.0,-0.0094272476020538,12.20046418839659,300.1969909667969,281.4793813446093,2.023942430044906,1,-1.0,-1.0,0,0,3,4,0,86.6,100.0,10
kandi_362,30.7,25.0,24.0,16.6,1009.0,3960.448467891202,7079.457844,427.0,538.0,-0.0071872930363603,11.526166209858577,303.6311340332031,279.26156659489226,1.7841995549105778,1,-1.0,-1.0,0,0,1,4,0,79.8,100.0,10
kandi_381,30.7,25.0,24.0,16.6,1009.0,4677.369481717141,7079.457844,427.0,538.0,-0.0064636166085673,11.405563695278822,303.1681213378906,282.7946746612323,1.516533402205398,1,-1.0,-1.0,0,0,0,0,0,83.5,100.0,10
kandi_371,30.7,25.0,24.0,16.6,1009.0,4517.090554287634,7079.457844,427.0,538.0,-0.0055900490621595,10.741620597855292,307.6514892578125,278.44134833346124,1.5134908862179948,0,-1.0,4182.155984130034,0,6,0,0,0,72.7,100.0,10
kandi_382,27.9,27.0,25.0,15.8,1009.5,4791.081582419201,7079.457844,427.0,538.0,-0.0064015141239872,11.309186920191609,302.0543212890625,282.8272502853641,1.4938668177841152,0,-1.0,4551.047435003409,0,4,0,0,0,81.6,100.0,10
kandi_332,27.9,27.0,25.0,15.8,1009.5,5094.19239667415,7079.457844,427.0,538.0,-0.0055804555644901,10.672430437075612,304.7998962402344,280.86583795105867,1.3741545573183478,1,-1.0,-1.0,0,0,0,0,0,84.1,100.0,10
kandi_331,27.9,27.0,25.0,15.8,1009.5,5116.210109252246,7079.457844,427.0,538.0,-0.0050228405550036,10.19981621015806,307.1040954589844,279.0600915359349,1.3424531148233485,1,-1.0,-1.0,0,0,0,0,0,84.7,100.0,10
kandi_333,27.9,27.0,25.0,15.8,1009.5,5060.008717663433,7079.457844,427.0,538.0,-0.0063035693549738,11.185467321507094,301.63189697265625,283.16834932003053,1.419284891564238,1,-1.0,-1.0,0,0,0,0,0,86.9,100.0,10
kandi_341,28.4,37.0,100.0,3.6,1009.9,5411.501693766115,7079.457844,427.0,538.0,-0.0053461349087806,10.763073648158551,303.7480773925781,282.5052786966952,1.3047384393395125,1,-1.0,-1.0,0,0,0,0,0,79.6,100.0,10
kandi_342,28.4,37.0,100.0,3.6,1009.9,5363.347149737219,7079.457844,427.0,538.0,-0.0061447517801318,11.608011432078165,299.9469299316406,286.1763867828207,1.357033813563744,1,-1.0,-1.0,0,0,0,0,0,81.9,100.0,10
kandi_351,28.4,37.0,100.0,3.6,1009.9,6065.022323229854,7079.457844,427.0,538.0,-0.0065904750608942,11.444829363949124,292.7193908691406,286.1483011873604,1.268330933347297,1,-1.0,-1.0,0,0,0,0,0,77.7,100.0,10
kandi_353,28.4,37.0,100.0,3.6,1009.9,5560.402895626355,7079.457844,427.0,538.0,-0.0064855071384045,11.659548158402888,297.6587829589844,286.949429172888,1.332523889333675,0,-1.0,5471.258159824729,0,1,0,0,0,78.5,100.0,10
kandi_352,28.4,37.0,100.0,3.6,1009.9,5629.39278079511,7079.457844,427.0,538.0,-0.0065930282860471,11.89626206781682,296.2069091796875,288.0873534338143,1.330968432747762,1,-1.0,-1.0,0,0,0,0,0,83.6,100.0,10
kandi_3103,26.0,22.0,47.0,14.0,1010.5,5636.952345236282,7079.457844,427.0,538.0,-0.0064055011191186,12.345872394169236,298.6117553710937,290.55114928687146,1.3047534372785885,1,-1.0,-1.0,0,0,0,3,0,83.3,100.0,10
kandi_391,26.0,22.0,47.0,14.0,1010.5,5172.707364672992,7079.457844,427.0,538.0,-0.0065188976469494,11.713344512718704,298.0226745605469,286.0572274883507,1.4283285310216511,1,-1.0,-1.0,0,0,0,0,0,84.65,100.0,10
