N,RF_RMSE,RF_RMSEsd,XGBoost_RMSE,XGBoost_RMSEsd,CatBoost_RMSE,CatBoost_RMSEsd,LightGBM_RMSE,LightGBM_RMSEsd
1,7.4981,0.7641,6.5973,0.3492,6.5467,0.4108,6.6644,0.3675
2,6.3985,0.3352,6.2945,0.2962,6.1669,0.2003,6.4219,0.3543
3,5.7739,0.4393,6.1464,0.211,5.7169,0.5047,5.9303,0.4414
4,5.4794,0.493,5.7513,0.386,5.3053,0.3102,5.5962,0.3857
5,5.5967,0.2797,5.5837,0.3361,5.4261,0.1919,5.719,0.3256
6,5.4378,0.2687,5.5094,0.4144,5.2258,0.3086,5.5446,0.3538
7,5.3889,0.2863,5.5009,0.4193,5.3146,0.3288,5.5759,0.362
8,5.4701,0.3451,5.5528,0.4031,5.3041,0.4662,5.6102,0.5208
9,5.4266,0.3046,5.5844,0.4265,5.3504,0.468,5.6526,0.5501
10,5.4298,0.2925,5.5606,0.416,5.322,0.4602,5.7182,0.4635
11,5.4109,0.3621,5.5802,0.4203,5.3037,0.4879,5.651,0.5063
12,5.4588,0.35,5.5471,0.4215,5.355,0.4924,5.6167,0.5469
13,5.4606,0.3326,5.551,0.4375,5.3513,0.4605,5.6629,0.4975
14,5.4346,0.3621,5.5164,0.434,5.3487,0.4886,5.657,0.5284
15,5.4726,0.3639,5.5415,0.449,5.3607,0.5068,5.6452,0.5606
16,5.4756,0.3227,5.5619,0.4386,5.3703,0.4586,5.6452,0.5606
17,5.4801,0.3509,5.5796,0.4453,5.3718,0.5009,5.6452,0.5606
